temp,feel_temp,humidity,windspeed
14.76,18.94,0.66,0.0
11.48,14.395,0.81,7.0015
12.3,15.909999999999998,0.81,7.0015
18.86,22.725,0.51,19.9995
18.04,21.97,0.62,19.9995
14.76,16.665,0.43,27.9993
9.84,10.605,0.32,26.0027
11.48,13.635,0.36,16.997899999999998
10.66,11.365,0.35,26.0027
9.02,10.605,0.44,19.0012
6.5600000000000005,6.819999999999999,0.55,19.0012
6.5600000000000005,6.819999999999999,0.55,19.0012
7.38,6.0600000000000005,0.34,43.9989
5.74,4.545,0.26,35.0008
4.1000000000000005,3.790000000000001,0.46,26.0027
0.8200000000000001,2.275,0.41,12.998
1.64,3.03,0.45,8.9981
5.74,6.0600000000000005,0.46,16.997899999999998
8.200000000000001,11.365,0.4,7.0015
9.02,11.365,0.47,12.998
8.200000000000001,11.365,0.59,6.0032
9.84,12.88,0.52,6.0032
14.76,16.665,0.34,19.0012
12.3,16.665,0.49,0.0
9.02,13.635,0.75,0.0
9.02,12.12,0.73,7.0015
12.3,15.15,0.56,11.0014
21.32,25.0,0.27,19.0012
16.400000000000002,20.455,0.43,15.0013
14.76,18.18,0.5,7.0015
9.02,11.365,0.87,12.998
16.400000000000002,20.455,0.43,15.0013
22.14,25.76,0.43,8.9981
18.04,21.97,0.38,16.997899999999998
13.94,16.665,0.42,8.9981
12.3,15.15,0.52,8.9981
16.400000000000002,20.455,0.37,19.9995
13.94,15.909999999999998,0.46,15.0013
10.66,12.12,0.56,16.997899999999998
9.02,12.12,0.64,7.0015
9.02,13.635,0.64,0.0
9.02,11.365,0.75,11.0014
8.200000000000001,11.365,0.93,6.0032
9.02,12.12,0.87,7.0015
7.38,9.09,0.93,12.998
17.22,21.21,0.38,19.9995
17.22,21.21,0.38,23.9994
13.12,16.665,0.66,6.0032
8.200000000000001,10.605,0.85,11.0014
8.200000000000001,10.605,0.8,8.9981
12.3,16.665,0.81,0.0
13.94,15.909999999999998,0.87,15.0013
13.94,16.665,0.87,12.998
14.76,17.424999999999997,0.93,16.997899999999998
13.12,15.909999999999998,0.81,12.998
17.22,21.21,0.77,11.0014
18.04,21.97,0.67,12.998
16.400000000000002,20.455,0.76,22.0028
13.12,14.395,0.7,32.9975
9.02,9.85,0.47,26.0027
10.66,10.605,0.33,36.9974
10.66,12.12,0.38,19.0012
6.5600000000000005,9.09,0.47,7.0015
5.74,7.575,0.5,8.9981
6.5600000000000005,11.365,0.47,0.0
9.84,10.605,0.38,19.9995
8.200000000000001,9.85,0.44,16.997899999999998
6.5600000000000005,6.819999999999999,0.47,19.9995
5.74,6.0600000000000005,0.5,19.0012
6.5600000000000005,7.575,0.47,15.0013
9.02,10.605,0.29,19.9995
6.5600000000000005,8.334999999999999,0.4,11.0014
5.74,10.605,0.46,0.0
4.1000000000000005,6.819999999999999,0.54,7.0015
8.200000000000001,9.09,0.55,22.0028
10.66,11.365,0.48,22.0028
12.3,13.635,0.49,23.9994
13.12,15.15,0.66,22.0028
13.12,15.15,0.81,16.997899999999998
18.04,21.97,0.62,32.9975
18.86,22.725,0.63,27.9993
18.86,22.725,0.77,22.0028
13.94,14.395,0.46,35.0008
12.3,13.635,0.42,31.0009
12.3,12.88,0.33,35.0008
9.02,10.605,0.37,16.997899999999998
5.74,7.575,0.5,11.0014
4.92,6.819999999999999,0.54,11.0014
6.5600000000000005,8.334999999999999,0.55,11.0014
10.66,11.365,0.41,22.0028
10.66,11.365,0.44,23.9994
10.66,13.635,0.48,8.9981
9.02,10.605,0.69,15.0013
8.200000000000001,9.09,0.34,22.0028
9.02,12.88,0.32,6.0032
8.200000000000001,9.85,0.37,15.0013
5.74,9.09,0.93,6.0032
6.5600000000000005,7.575,0.93,16.997899999999998
8.200000000000001,9.85,0.8,16.997899999999998
8.200000000000001,9.09,0.75,26.0027
6.5600000000000005,7.575,0.8,16.997899999999998
6.5600000000000005,6.819999999999999,0.8,19.0012
6.5600000000000005,7.575,0.74,15.0013
6.5600000000000005,8.334999999999999,0.8,11.0014
6.5600000000000005,9.09,0.86,7.0015
7.38,12.12,0.86,0.0
8.200000000000001,12.88,0.86,0.0
8.200000000000001,12.88,0.93,0.0
9.02,10.605,1.0,15.0013
10.66,12.88,1.0,11.0014
13.12,15.15,0.93,16.997899999999998
13.12,15.909999999999998,0.93,12.998
13.94,16.665,0.87,8.9981
16.400000000000002,20.455,0.71,8.9981
14.76,18.94,0.71,0.0
11.48,13.635,0.7,12.998
9.84,11.365,0.75,15.0013
13.12,16.665,0.53,8.9981
14.76,17.424999999999997,0.53,11.0014
12.3,15.909999999999998,0.65,6.0032
11.48,15.15,0.75,6.0032
11.48,15.15,0.81,6.0032
15.58,19.695,0.71,0.0
17.22,21.21,0.71,0.0
16.400000000000002,20.455,0.82,0.0
16.400000000000002,20.455,1.0,19.9995
20.5,24.24,0.88,19.0012
20.5,24.24,0.55,36.9974
14.76,16.665,0.5,26.0027
12.3,14.395,0.52,19.0012
9.84,12.88,0.75,6.0032
10.66,13.635,0.7,8.9981
16.400000000000002,20.455,0.47,22.0028
16.400000000000002,20.455,0.35,26.0027
12.3,13.635,0.28,23.9994
8.200000000000001,11.365,0.4,7.0015
11.48,13.635,0.28,15.0013
14.76,16.665,0.21,27.9993
12.3,14.395,0.33,19.0012
9.84,10.605,0.48,23.9994
9.02,10.605,0.44,19.0012
10.66,11.365,0.35,26.0027
14.76,17.424999999999997,0.21,12.998
11.48,13.635,0.48,15.0013
12.3,14.395,0.45,15.0013
10.66,13.635,0.6,7.0015
18.86,22.725,0.36,15.0013
22.14,25.76,0.24,23.9994
18.04,21.97,0.38,16.997899999999998
16.400000000000002,20.455,0.5,11.0014
14.76,17.424999999999997,0.71,12.998
25.42,31.06,0.33,15.0013
22.14,25.76,0.52,19.0012
18.86,22.725,0.59,8.9981
16.400000000000002,20.455,0.82,0.0
17.22,21.21,0.77,7.0015
18.86,22.725,0.67,11.0014
14.76,15.909999999999998,0.46,35.0008
12.3,13.635,0.56,22.0028
9.84,12.12,0.65,11.0014
13.12,15.15,0.53,19.9995
16.400000000000002,20.455,0.37,7.0015
13.94,17.424999999999997,0.49,7.0015
9.84,12.88,0.7,6.0032
9.84,12.12,0.87,8.9981
12.3,15.909999999999998,0.7,6.0032
12.3,14.395,0.7,12.998
9.84,12.88,0.87,6.0032
9.84,12.88,0.87,6.0032
9.84,12.12,0.75,11.0014
11.48,13.635,0.61,11.0014
12.3,14.395,0.52,16.997899999999998
9.84,12.12,0.7,8.9981
7.38,10.605,0.8,7.0015
9.02,12.12,0.75,7.0015
17.22,21.21,0.32,19.0012
13.94,16.665,0.46,11.0014
11.48,14.395,0.61,8.9981
13.12,15.15,0.45,19.9995
14.76,17.424999999999997,0.46,12.998
18.04,21.97,0.35,16.997899999999998
13.94,17.424999999999997,0.61,7.0015
10.66,15.15,0.65,0.0
9.84,12.88,0.7,7.0015
11.48,12.88,0.65,19.0012
9.84,12.88,0.87,7.0015
9.84,12.12,0.87,8.9981
9.02,10.605,0.8,19.0012
8.200000000000001,9.85,0.64,16.997899999999998
12.3,13.635,0.42,22.0028
13.94,16.665,0.31,11.0014
12.3,16.665,0.52,0.0
10.66,14.395,0.56,6.0032
9.02,11.365,0.55,11.0014
13.12,16.665,0.39,6.0032
13.12,17.424999999999997,0.57,0.0
12.3,15.15,0.7,8.9981
9.02,11.365,0.93,11.0014
9.02,12.12,0.93,7.0015
12.3,13.635,0.61,19.9995
6.5600000000000005,6.0600000000000005,0.43,36.9974
3.28,2.275,0.79,31.0009
4.1000000000000005,3.790000000000001,0.49,26.0027
4.92,5.305,0.42,19.9995
8.200000000000001,8.334999999999999,0.34,31.0009
5.74,6.0600000000000005,0.43,19.9995
5.74,6.819999999999999,0.46,12.998
4.1000000000000005,5.305,0.54,12.998
11.48,12.88,0.28,22.0028
14.76,17.424999999999997,0.23,12.998
10.66,13.635,0.56,7.0015
10.66,15.15,0.52,0.0
9.84,14.395,0.7,0.0
14.76,16.665,0.4,16.997899999999998
15.58,19.695,0.46,19.9995
14.76,18.18,0.5,6.0032
11.48,14.395,0.7,7.0015
13.12,15.15,0.61,22.0028
17.22,21.21,0.41,23.9994
15.58,19.695,0.43,11.0014
12.3,15.15,0.7,8.9981
12.3,16.665,0.7,0.0
13.12,16.665,0.7,8.9981
13.94,18.18,0.76,0.0
13.12,16.665,0.87,8.9981
12.3,16.665,0.93,0.0
11.48,14.395,0.96,8.9981
14.76,16.665,0.62,27.9993
17.22,21.21,0.32,19.9995
15.58,19.695,0.37,12.998
12.3,14.395,0.61,16.997899999999998
9.84,14.395,0.7,0.0
14.76,17.424999999999997,0.43,12.998
19.68,23.485,0.36,19.0012
16.400000000000002,20.455,0.4,30.002599999999997
12.3,14.395,0.36,15.0013
9.84,11.365,0.56,12.998
12.3,15.15,0.49,11.0014
12.3,13.635,0.49,22.0028
9.02,11.365,0.93,11.0014
9.84,10.605,0.6,23.9994
9.02,9.85,0.55,30.002599999999997
13.94,15.909999999999998,0.34,15.0013
13.94,16.665,0.34,12.998
10.66,15.15,0.56,0.0
9.02,13.635,0.64,0.0
12.3,13.635,0.56,26.0027
15.58,19.695,0.4,30.002599999999997
13.94,16.665,0.71,12.998
13.94,15.909999999999998,0.71,15.0013
12.3,15.909999999999998,0.75,6.0032
17.22,21.21,0.54,19.9995
19.68,23.485,0.41,22.0028
18.86,22.725,0.41,19.0012
16.400000000000002,20.455,0.76,15.0013
14.76,16.665,0.81,16.997899999999998
22.14,25.76,0.37,16.997899999999998
20.5,24.24,0.39,6.0032
18.04,21.97,0.58,6.0032
16.400000000000002,20.455,0.87,12.998
14.76,17.424999999999997,0.81,11.0014
16.400000000000002,20.455,0.87,12.998
18.04,21.97,0.62,27.9993
13.94,15.15,0.42,23.9994
12.3,13.635,0.42,19.9995
12.3,12.88,0.39,40.9973
13.12,13.635,0.26,39.000699999999995
9.84,10.605,0.35,22.0028
9.84,10.605,0.44,22.0028
8.200000000000001,9.09,0.51,19.9995
12.3,15.15,0.39,8.9981
14.76,17.424999999999997,0.32,15.0013
12.3,14.395,0.42,15.0013
9.84,12.12,0.75,11.0014
9.84,12.12,0.6,0.0
16.400000000000002,20.455,0.43,19.0012
21.32,25.0,0.27,27.9993
17.22,21.21,0.5,11.0014
13.12,14.395,0.42,23.9994
11.48,12.88,0.45,23.9994
16.400000000000002,20.455,0.28,7.0015
17.22,21.21,0.26,0.0
13.12,16.665,0.53,7.0015
11.48,15.15,0.75,6.0032
12.3,14.395,0.87,12.998
16.400000000000002,20.455,0.82,15.0013
17.22,21.21,0.88,11.0014
18.86,22.725,0.94,19.0012
18.04,21.97,0.94,8.9981
22.96,26.515,0.37,15.0013
22.96,26.515,0.35,19.9995
15.58,19.695,0.5,16.997899999999998
13.12,15.909999999999998,0.57,12.998
11.48,15.15,0.75,6.0032
17.22,21.21,0.44,15.0013
14.76,17.424999999999997,0.87,12.998
14.76,18.94,0.87,0.0
14.76,17.424999999999997,0.93,12.998
15.58,19.695,0.87,6.0032
18.86,22.725,0.44,23.9994
18.86,22.725,0.33,11.0014
16.400000000000002,20.455,0.3,23.9994
13.94,15.909999999999998,0.46,15.0013
12.3,13.635,0.49,22.0028
14.76,15.909999999999998,0.32,35.0008
11.48,13.635,0.38,16.997899999999998
9.84,12.12,0.48,8.9981
7.38,9.85,0.59,8.9981
10.66,13.635,0.56,8.9981
12.3,13.635,0.45,19.9995
10.66,11.365,0.37,26.0027
8.200000000000001,9.85,0.44,15.0013
6.5600000000000005,9.09,0.55,8.9981
10.66,13.635,0.41,7.0015
14.76,16.665,0.34,19.0012
11.48,13.635,0.56,11.0014
12.3,13.635,0.56,23.9994
11.48,12.88,0.61,19.9995
20.5,24.24,0.34,27.9993
22.96,26.515,0.4,31.0009
18.04,21.97,0.62,22.0028
18.04,21.97,0.72,19.0012
18.86,22.725,0.72,31.0009
25.42,31.06,0.43,43.000600000000006
24.6,31.06,0.4,30.002599999999997
23.78,27.275,0.49,31.0009
16.400000000000002,20.455,0.66,19.0012
13.94,14.395,0.36,32.9975
18.86,22.725,0.24,16.997899999999998
15.58,19.695,0.32,23.9994
12.3,14.395,0.36,16.997899999999998
9.02,10.605,0.44,19.0012
12.3,13.635,0.33,22.0028
14.76,18.18,0.23,0.0
12.3,14.395,0.39,15.0013
9.84,12.12,0.6,8.9981
9.02,11.365,0.69,8.9981
17.22,21.21,0.41,19.9995
21.32,25.0,0.29,19.0012
16.400000000000002,20.455,0.5,11.0014
13.94,16.665,0.61,12.998
15.58,19.695,0.54,11.0014
23.78,27.275,0.32,19.0012
22.96,26.515,0.49,15.0013
22.96,26.515,0.52,12.998
18.86,22.725,0.82,12.998
21.32,25.0,0.77,15.0013
28.7,31.819999999999997,0.39,15.0013
24.6,31.06,0.49,11.0014
21.32,25.0,0.63,6.0032
18.04,21.97,0.82,6.0032
25.42,31.06,0.41,11.0014
29.52,31.819999999999997,0.25,12.998
24.6,31.06,0.4,6.0032
20.5,24.24,0.59,0.0
18.04,21.97,0.72,6.0032
25.42,31.06,0.5,8.9981
28.7,31.819999999999997,0.39,16.997899999999998
21.32,25.0,0.68,8.9981
16.400000000000002,20.455,0.87,19.0012
16.400000000000002,20.455,0.87,15.0013
18.86,22.725,0.77,6.0032
19.68,23.485,0.82,6.0032
18.04,21.97,0.94,0.0
17.22,21.21,0.94,0.0
18.04,21.97,0.88,6.0032
25.42,31.06,0.53,6.0032
23.78,27.275,0.64,19.0012
18.86,22.725,0.88,12.998
16.400000000000002,20.455,0.94,7.0015
17.22,21.21,0.88,7.0015
22.14,25.76,0.68,6.0032
21.32,25.0,0.77,8.9981
18.86,22.725,0.88,7.0015
18.86,22.725,0.88,8.9981
22.96,26.515,0.68,11.0014
27.06,31.06,0.5,15.0013
24.6,30.305,0.64,11.0014
22.14,25.76,0.88,6.0032
21.32,25.0,0.94,15.0013
24.6,28.79,0.78,16.997899999999998
24.6,29.545,0.73,12.998
22.14,25.76,0.77,0.0
20.5,24.24,0.88,12.998
19.68,23.485,0.94,7.0015
22.14,25.76,0.83,0.0
24.6,29.545,0.69,0.0
22.14,25.76,0.77,0.0
19.68,23.485,1.0,6.0032
20.5,24.24,0.94,6.0032
24.6,29.545,0.73,7.0015
27.06,31.06,0.61,0.0
22.96,26.515,0.83,0.0
20.5,24.24,0.94,0.0
22.96,26.515,0.88,7.0015
29.52,32.574999999999996,0.42,8.9981
27.06,31.06,0.47,8.9981
22.96,26.515,0.73,6.0032
21.32,25.0,0.83,11.0014
20.5,24.24,0.94,12.998
20.5,24.24,0.94,19.9995
18.04,21.97,1.0,12.998
17.22,21.21,1.0,19.9995
16.400000000000002,20.455,0.94,22.0028
16.400000000000002,20.455,0.94,15.0013
20.5,24.24,0.72,6.0032
18.86,22.725,0.82,8.9981
18.86,22.725,0.82,12.998
18.04,21.97,0.62,15.0013
19.68,23.485,0.29,46.0022
18.04,21.97,0.26,30.002599999999997
13.94,14.395,0.25,35.0008
9.84,10.605,0.32,23.9994
9.84,11.365,0.38,12.998
16.400000000000002,20.455,0.24,8.9981
17.22,21.21,0.17,0.0
14.76,16.665,0.4,19.0012
14.76,16.665,0.43,19.9995
18.86,22.725,0.41,27.9993
25.42,31.06,0.41,19.9995
24.6,31.06,0.56,19.9995
22.96,26.515,0.6,8.9981
18.86,22.725,0.59,16.997899999999998
20.5,24.24,0.45,27.9993
21.32,25.0,0.36,22.0028
18.04,21.97,0.44,19.0012
14.76,16.665,0.53,19.9995
13.12,15.909999999999998,0.57,11.0014
15.58,19.695,0.54,0.0
16.400000000000002,20.455,0.62,15.0013
14.76,17.424999999999997,0.71,11.0014
16.400000000000002,20.455,0.82,16.997899999999998
14.76,17.424999999999997,0.87,12.998
22.14,25.76,0.6,8.9981
18.04,21.97,0.72,31.0009
14.76,16.665,0.76,19.0012
13.94,17.424999999999997,0.81,6.0032
14.76,17.424999999999997,0.81,8.9981
19.68,23.485,0.55,15.0013
21.32,25.0,0.55,15.0013
18.04,21.97,0.82,7.0015
14.76,15.909999999999998,0.71,31.0009
17.22,21.21,0.47,30.002599999999997
20.5,24.24,0.34,22.0028
18.86,22.725,0.28,8.9981
14.76,17.424999999999997,0.53,11.0014
13.12,16.665,0.66,6.0032
21.32,25.0,0.25,0.0
25.42,30.305,0.17,12.998
20.5,24.24,0.51,0.0
18.04,21.97,0.58,6.0032
18.04,21.97,0.72,7.0015
24.6,31.06,0.46,16.997899999999998
27.06,31.06,0.41,16.997899999999998
21.32,25.0,0.23,27.9993
15.58,19.695,0.43,19.0012
16.400000000000002,20.455,0.37,16.997899999999998
18.86,22.725,0.33,11.0014
19.68,23.485,0.31,16.997899999999998
16.400000000000002,20.455,0.43,0.0
13.12,15.15,0.53,22.0028
14.76,16.665,0.4,22.0028
20.5,24.24,0.27,19.0012
18.86,22.725,0.24,19.0012
16.400000000000002,20.455,0.28,16.997899999999998
13.12,15.909999999999998,0.36,12.998
18.04,21.97,0.24,19.9995
22.14,25.76,0.19,26.0027
20.5,24.24,0.2,12.998
18.04,21.97,0.24,15.0013
15.58,19.695,0.27,11.0014
22.14,25.76,0.24,16.997899999999998
25.42,30.305,0.22,19.9995
20.5,24.24,0.36,15.0013
18.04,21.97,0.3,11.0014
18.04,21.97,0.3,12.998
22.14,25.76,0.28,39.000699999999995
22.14,25.76,0.34,19.9995
18.04,21.97,0.44,19.9995
13.94,16.665,0.71,8.9981
17.22,21.21,0.67,12.998
22.14,25.76,0.24,12.998
21.32,25.0,0.2,23.9994
13.94,15.15,0.36,27.9993
11.48,14.395,0.56,7.0015
15.58,19.695,0.43,22.0028
18.04,21.97,0.33,19.9995
13.94,15.15,0.57,26.0027
13.12,15.15,0.61,19.0012
12.3,13.635,0.65,22.0028
18.86,22.725,0.41,30.002599999999997
20.5,24.24,0.27,26.0027
17.22,21.21,0.35,12.998
13.94,16.665,0.61,11.0014
15.58,19.695,0.46,11.0014
21.32,25.0,0.27,19.0012
22.14,25.76,0.26,8.9981
17.22,21.21,0.62,6.0032
14.76,18.18,0.71,7.0015
17.22,21.21,0.54,8.9981
26.24,31.06,0.27,30.002599999999997
24.6,31.06,0.4,11.0014
22.14,25.76,0.56,12.998
20.5,24.24,0.68,11.0014
23.78,27.275,0.53,15.0013
28.7,31.819999999999997,0.39,26.0027
26.24,31.06,0.5,15.0013
25.42,30.305,0.61,23.9994
21.32,25.0,0.83,11.0014
26.24,30.305,0.65,16.997899999999998
32.800000000000004,34.85,0.33,31.0009
27.880000000000003,31.819999999999997,0.51,16.997899999999998
22.96,26.515,0.83,7.0015
24.6,31.06,0.43,16.997899999999998
24.6,31.06,0.33,23.9994
26.24,30.305,0.25,19.9995
22.14,25.76,0.3,16.997899999999998
20.5,24.24,0.42,15.0013
20.5,24.24,0.39,12.998
18.86,22.725,0.59,0.0
17.22,21.21,0.77,0.0
17.22,21.21,0.77,0.0
17.22,21.21,0.71,0.0
18.86,22.725,0.72,0.0
23.78,27.275,0.43,0.0
23.78,27.275,0.46,8.9981
19.68,23.485,0.67,7.0015
17.22,21.21,0.94,0.0
20.5,24.24,0.77,12.998
26.24,31.06,0.47,12.998
23.78,27.275,0.56,11.0014
21.32,25.0,0.77,15.0013
20.5,24.24,0.82,15.0013
25.42,30.305,0.61,22.0028
28.7,31.819999999999997,0.42,22.0028
20.5,24.24,0.82,26.0027
18.86,22.725,0.72,19.0012
17.22,21.21,0.77,26.0027
15.58,19.695,0.87,22.0028
14.76,15.909999999999998,0.93,30.002599999999997
13.94,14.395,0.87,35.0008
13.12,15.15,0.81,19.0012
12.3,13.635,0.75,22.0028
13.94,15.15,0.66,26.0027
13.12,16.665,0.81,8.9981
13.12,15.909999999999998,0.76,11.0014
12.3,14.395,0.7,12.998
16.400000000000002,20.455,0.47,23.9994
20.5,24.24,0.25,26.0027
20.5,24.24,0.18,16.997899999999998
18.04,21.97,0.38,0.0
13.94,18.18,0.66,0.0
21.32,25.0,0.34,0.0
23.78,27.275,0.19,11.0014
22.96,26.515,0.22,6.0032
19.68,23.485,0.48,6.0032
19.68,23.485,0.63,16.997899999999998
18.86,22.725,0.94,15.0013
21.32,25.0,0.83,15.0013
21.32,25.0,0.83,15.0013
19.68,23.485,0.59,27.9993
15.58,19.695,0.5,19.0012
18.86,22.725,0.36,23.9994
22.14,25.76,0.24,26.0027
17.22,21.21,0.38,16.997899999999998
13.94,15.909999999999998,0.49,15.0013
15.58,19.695,0.4,8.9981
16.400000000000002,20.455,0.37,0.0
16.400000000000002,20.455,0.47,0.0
15.58,19.695,0.76,6.0032
14.76,17.424999999999997,0.87,8.9981
16.400000000000002,20.455,0.71,8.9981
22.14,25.76,0.34,0.0
22.96,26.515,0.35,8.9981
18.04,21.97,0.72,7.0015
15.58,19.695,0.62,16.997899999999998
17.22,21.21,0.41,11.0014
21.32,25.0,0.55,7.0015
21.32,25.0,0.59,12.998
20.5,24.24,0.63,8.9981
21.32,25.0,0.77,7.0015
27.06,31.06,0.65,19.0012
30.34,33.335,0.45,12.998
26.24,30.305,0.65,8.9981
22.96,26.515,0.83,0.0
22.14,25.76,0.88,12.998
23.78,27.275,0.83,15.0013
24.6,29.545,0.73,16.997899999999998
20.5,24.24,0.82,15.0013
18.86,22.725,0.88,0.0
18.86,22.725,0.88,12.998
24.6,29.545,0.69,12.998
29.52,33.335,0.58,8.9981
24.6,28.03,0.83,0.0
22.96,26.515,0.88,12.998
24.6,28.79,0.78,0.0
27.06,31.06,0.74,19.0012
28.7,32.574999999999996,0.51,8.9981
24.6,28.03,0.83,0.0
22.96,26.515,0.88,6.0032
27.06,31.06,0.65,8.9981
27.06,31.06,0.74,12.998
24.6,28.79,0.78,16.997899999999998
22.14,25.76,0.83,15.0013
21.32,25.0,0.83,15.0013
22.96,26.515,0.73,7.0015
25.42,30.305,0.61,0.0
22.96,26.515,0.73,12.998
20.5,24.24,0.77,12.998
19.68,23.485,0.82,7.0015
22.96,26.515,0.68,15.0013
24.6,31.06,0.53,22.0028
22.14,25.76,0.45,16.997899999999998
21.32,25.0,0.68,19.0012
22.14,25.76,0.73,19.9995
26.24,30.305,0.65,16.997899999999998
26.24,30.305,0.69,19.0012
24.6,28.79,0.78,22.0028
22.96,26.515,0.88,15.0013
24.6,28.03,0.83,0.0
26.24,31.06,0.53,16.997899999999998
20.5,24.24,0.77,23.9994
20.5,24.24,0.77,11.0014
18.86,22.725,0.72,19.9995
20.5,24.24,0.51,27.9993
22.14,25.76,0.37,26.0027
21.32,25.0,0.4,22.0028
18.86,22.725,0.51,8.9981
17.22,21.21,0.5,16.997899999999998
22.96,26.515,0.35,16.997899999999998
25.42,30.305,0.25,22.0028
24.6,30.305,0.28,7.0015
18.86,22.725,0.59,8.9981
17.22,21.21,0.71,8.9981
26.24,31.06,0.36,11.0014
27.06,31.06,0.36,12.998
22.96,26.515,0.68,8.9981
22.14,25.76,0.64,8.9981
22.96,26.515,0.64,11.0014
27.880000000000003,31.819999999999997,0.54,16.997899999999998
27.880000000000003,31.819999999999997,0.44,23.9994
25.42,31.06,0.57,15.0013
22.14,25.76,0.77,15.0013
22.14,25.76,0.88,19.0012
25.42,29.545,0.73,16.997899999999998
23.78,27.275,0.88,8.9981
22.96,26.515,0.88,8.9981
22.96,26.515,0.94,15.0013
25.42,29.545,0.78,7.0015
28.7,32.574999999999996,0.61,6.0032
26.24,30.305,0.73,8.9981
23.78,27.275,0.88,8.9981
22.14,25.76,0.94,6.0032
28.7,32.574999999999996,0.54,8.9981
29.52,32.574999999999996,0.45,7.0015
26.24,30.305,0.73,12.998
24.6,28.79,0.78,11.0014
22.14,25.76,0.73,26.0027
24.6,31.06,0.43,12.998
27.06,31.06,0.31,8.9981
22.96,26.515,0.43,6.0032
18.86,22.725,0.72,6.0032
21.32,25.0,0.59,8.9981
26.24,31.06,0.36,11.0014
26.24,31.06,0.38,15.0013
21.32,25.0,0.55,0.0
19.68,23.485,0.59,6.0032
22.96,26.515,0.43,11.0014
29.52,32.574999999999996,0.3,6.0032
28.7,31.819999999999997,0.39,8.9981
23.78,27.275,0.53,7.0015
20.5,24.24,0.72,7.0015
27.06,31.06,0.34,19.9995
28.7,31.819999999999997,0.39,27.9993
27.06,31.06,0.61,27.9993
23.78,27.275,0.88,23.9994
22.96,26.515,0.88,19.9995
24.6,28.03,0.83,11.0014
26.24,30.305,0.73,16.997899999999998
25.42,30.305,0.69,6.0032
23.78,27.275,0.83,7.0015
22.96,26.515,0.88,7.0015
25.42,29.545,0.78,7.0015
29.52,33.335,0.54,0.0
25.42,29.545,0.73,6.0032
24.6,28.79,0.78,7.0015
23.78,27.275,0.83,0.0
27.06,31.06,0.74,11.0014
26.24,30.305,0.69,7.0015
24.6,28.03,0.83,8.9981
24.6,27.275,0.88,11.0014
25.42,29.545,0.73,11.0014
30.34,34.089999999999996,0.55,15.0013
28.7,32.574999999999996,0.61,19.9995
25.42,28.79,0.83,8.9981
25.42,28.03,0.88,6.0032
27.880000000000003,31.819999999999997,0.79,11.0014
31.16,35.605,0.62,12.998
28.7,32.574999999999996,0.65,11.0014
26.24,28.79,0.83,8.9981
25.42,28.03,0.88,12.998
28.7,33.335,0.74,12.998
31.98,36.364999999999995,0.55,16.997899999999998
29.52,34.089999999999996,0.62,12.998
26.24,30.305,0.73,15.0013
25.42,28.03,0.88,11.0014
30.34,34.85,0.66,16.997899999999998
31.98,35.605,0.49,19.9995
25.42,28.79,0.83,0.0
25.42,29.545,0.73,11.0014
27.06,31.06,0.69,0.0
32.800000000000004,39.395,0.63,19.0012
32.800000000000004,38.635000000000005,0.59,19.9995
29.52,34.85,0.74,11.0014
27.06,30.305,0.78,15.0013
29.52,34.089999999999996,0.7,16.997899999999998
33.62,38.635000000000005,0.52,27.9993
31.98,35.605,0.52,23.9994
26.24,28.79,0.89,7.0015
25.42,29.545,0.78,8.9981
25.42,30.305,0.69,19.0012
29.52,33.335,0.51,8.9981
22.14,25.76,0.6,8.9981
26.24,30.305,0.69,6.0032
24.6,29.545,0.73,15.0013
29.52,32.574999999999996,0.37,19.0012
31.16,33.335,0.33,19.0012
27.880000000000003,31.819999999999997,0.44,11.0014
26.24,31.06,0.57,15.0013
26.24,28.79,0.89,12.998
28.7,33.335,0.74,23.9994
28.7,32.574999999999996,0.7,16.997899999999998
24.6,27.275,0.88,8.9981
22.96,26.515,0.73,16.997899999999998
22.14,25.76,0.64,11.0014
25.42,31.06,0.41,16.997899999999998
26.24,31.06,0.36,0.0
22.96,26.515,0.52,7.0015
20.5,24.24,0.72,6.0032
24.6,31.06,0.46,12.998
27.880000000000003,31.819999999999997,0.36,22.0028
27.880000000000003,31.819999999999997,0.34,19.0012
23.78,27.275,0.53,0.0
21.32,25.0,0.68,0.0
26.24,31.06,0.41,31.0009
27.06,31.06,0.39,19.9995
24.6,31.06,0.4,23.9994
21.32,25.0,0.77,22.0028
19.68,23.485,0.82,16.997899999999998
22.96,26.515,0.56,12.998
24.6,31.06,0.43,12.998
22.14,25.76,0.56,11.0014
20.5,24.24,0.68,0.0
20.5,24.24,0.72,0.0
25.42,31.06,0.38,0.0
25.42,31.06,0.43,8.9981
21.32,25.0,0.77,6.0032
20.5,24.24,0.77,7.0015
21.32,25.0,0.77,0.0
28.7,31.819999999999997,0.37,19.0012
28.7,31.819999999999997,0.34,19.0012
22.96,26.515,0.52,8.9981
21.32,25.0,0.63,0.0
25.42,31.06,0.53,11.0014
31.16,33.335,0.31,26.0027
30.34,32.574999999999996,0.3,15.0013
26.24,31.06,0.53,7.0015
24.6,31.06,0.56,7.0015
28.7,32.574999999999996,0.51,7.0015
34.44,35.605,0.2,19.9995
31.16,33.335,0.35,15.0013
26.24,30.305,0.73,8.9981
25.42,29.545,0.73,0.0
31.16,34.089999999999996,0.45,6.0032
34.44,37.12,0.36,19.0012
29.52,34.089999999999996,0.62,11.0014
27.06,31.06,0.74,7.0015
26.24,29.545,0.78,7.0015
32.800000000000004,36.364999999999995,0.43,12.998
32.800000000000004,35.605,0.41,23.9994
29.52,33.335,0.58,12.998
27.06,31.06,0.69,16.997899999999998
25.42,28.03,0.88,15.0013
27.06,30.305,0.83,12.998
27.880000000000003,31.819999999999997,0.83,12.998
27.06,29.545,0.94,15.0013
24.6,28.03,0.83,8.9981
26.24,30.305,0.69,39.000699999999995
29.52,32.574999999999996,0.37,27.9993
28.7,31.819999999999997,0.34,26.0027
24.6,31.06,0.53,19.9995
24.6,31.06,0.56,16.997899999999998
26.24,30.305,0.65,27.9993
30.34,33.335,0.48,19.9995
27.06,31.06,0.65,16.997899999999998
23.78,27.275,0.78,12.998
22.14,25.76,0.83,8.9981
27.06,31.06,0.5,12.998
29.52,32.574999999999996,0.37,12.998
27.06,31.06,0.5,7.0015
23.78,27.275,0.53,0.0
22.14,25.76,0.68,12.998
27.880000000000003,31.819999999999997,0.41,7.0015
29.52,32.574999999999996,0.37,16.997899999999998
25.42,31.06,0.53,19.9995
22.14,25.76,0.64,7.0015
22.96,26.515,0.68,16.997899999999998
26.24,31.06,0.53,11.0014
26.24,31.06,0.53,12.998
23.78,27.275,0.64,12.998
22.14,25.76,0.77,12.998
22.14,25.76,0.83,15.0013
23.78,27.275,0.68,12.998
25.42,29.545,0.73,6.0032
24.6,28.79,0.78,11.0014
24.6,28.79,0.78,12.998
26.24,30.305,0.73,6.0032
31.98,37.12,0.59,11.0014
32.800000000000004,37.88,0.55,16.997899999999998
27.880000000000003,31.819999999999997,0.79,12.998
26.24,28.79,0.89,6.0032
34.44,39.395,0.49,12.998
36.9,40.91,0.35,7.0015
34.44,37.88,0.44,6.0032
29.52,34.85,0.79,7.0015
28.7,33.335,0.84,6.0032
36.9,40.91,0.35,12.998
36.08,39.395,0.37,0.0
32.800000000000004,39.395,0.63,11.0014
30.34,35.605,0.79,0.0
31.16,34.85,0.55,8.9981
36.08,40.15,0.39,15.0013
32.800000000000004,37.88,0.55,12.998
27.06,31.06,0.74,0.0
26.24,28.79,0.83,11.0014
29.52,34.089999999999996,0.62,12.998
31.98,34.089999999999996,0.33,16.997899999999998
32.800000000000004,34.85,0.27,12.998
28.7,32.574999999999996,0.51,0.0
25.42,30.305,0.69,8.9981
31.16,34.089999999999996,0.4,0.0
35.26,37.12,0.28,15.0013
31.98,34.85,0.46,16.997899999999998
28.7,32.574999999999996,0.65,15.0013
26.24,29.545,0.78,11.0014
32.800000000000004,36.364999999999995,0.43,22.0028
32.800000000000004,34.85,0.31,26.0027
27.880000000000003,31.06,0.3,22.0028
22.96,26.515,0.43,19.0012
21.32,25.0,0.52,23.9994
27.06,31.06,0.34,30.002599999999997
29.52,32.574999999999996,0.28,27.9993
27.06,31.06,0.34,16.997899999999998
23.78,27.275,0.46,6.0032
25.42,31.06,0.43,22.0028
32.800000000000004,34.85,0.27,22.0028
32.800000000000004,34.85,0.27,22.0028
27.880000000000003,31.819999999999997,0.47,8.9981
25.42,30.305,0.61,7.0015
28.7,32.574999999999996,0.54,11.0014
35.26,36.364999999999995,0.25,22.0028
34.44,36.364999999999995,0.3,19.9995
30.34,33.335,0.48,8.9981
28.7,32.574999999999996,0.61,7.0015
36.9,41.665,0.39,19.9995
39.36,45.455,0.36,0.0
37.72,44.695,0.42,16.997899999999998
26.24,28.79,0.89,15.0013
26.24,28.79,0.89,11.0014
36.08,38.635000000000005,0.3,16.997899999999998
36.9,39.395,0.29,11.0014
33.62,38.635000000000005,0.52,11.0014
29.52,34.85,0.74,6.0032
30.34,34.85,0.7,0.0
36.9,40.91,0.37,15.0013
37.72,40.15,0.26,19.9995
33.62,37.12,0.43,8.9981
29.52,33.335,0.54,27.9993
31.16,34.85,0.52,12.998
35.26,37.88,0.34,15.0013
34.44,36.364999999999995,0.32,11.0014
30.34,33.335,0.51,7.0015
27.880000000000003,31.819999999999997,0.65,7.0015
32.800000000000004,37.12,0.49,11.0014
36.9,38.635000000000005,0.25,12.998
34.44,37.12,0.36,8.9981
27.880000000000003,31.819999999999997,0.79,6.0032
27.06,31.06,0.69,0.0
32.800000000000004,36.364999999999995,0.46,0.0
37.72,42.425,0.35,19.9995
35.26,40.15,0.47,15.0013
30.34,33.335,0.51,19.0012
29.52,33.335,0.58,0.0
36.9,40.91,0.35,19.9995
37.72,41.665,0.33,16.997899999999998
34.44,38.635000000000005,0.47,12.998
31.16,35.605,0.62,8.9981
31.98,34.85,0.46,8.9981
36.08,37.88,0.28,7.0015
37.72,40.91,0.29,0.0
32.800000000000004,37.88,0.55,12.998
30.34,35.605,0.74,8.9981
33.62,41.665,0.63,12.998
39.36,43.18,0.31,16.997899999999998
38.54,41.665,0.29,6.0032
34.44,40.91,0.56,11.0014
31.98,37.88,0.66,7.0015
35.26,40.91,0.5,7.0015
39.36,45.455,0.36,11.0014
31.98,37.12,0.62,11.0014
27.880000000000003,31.819999999999997,0.89,6.0032
27.06,30.305,0.83,15.0013
27.06,30.305,0.83,12.998
31.16,34.089999999999996,0.45,15.0013
30.34,34.089999999999996,0.55,7.0015
28.7,33.335,0.74,8.9981
27.880000000000003,31.819999999999997,0.79,7.0015
32.800000000000004,36.364999999999995,0.46,12.998
32.800000000000004,36.364999999999995,0.43,15.0013
26.24,28.79,0.89,7.0015
26.24,28.79,0.89,0.0
27.06,30.305,0.83,7.0015
31.98,34.85,0.43,0.0
32.800000000000004,34.85,0.31,15.0013
29.52,33.335,0.58,16.997899999999998
26.24,30.305,0.69,7.0015
27.880000000000003,31.819999999999997,0.65,8.9981
32.800000000000004,34.85,0.33,15.0013
31.16,34.089999999999996,0.45,8.9981
28.7,32.574999999999996,0.51,15.0013
27.06,31.06,0.61,0.0
29.52,33.335,0.51,0.0
32.800000000000004,35.605,0.38,0.0
30.34,33.335,0.51,11.0014
29.52,33.335,0.48,6.0032
26.24,30.305,0.73,7.0015
29.52,34.089999999999996,0.7,6.0032
32.800000000000004,37.88,0.55,11.0014
29.52,35.605,0.84,6.0032
27.880000000000003,31.819999999999997,0.89,8.9981
27.880000000000003,31.819999999999997,0.83,8.9981
33.62,38.635000000000005,0.52,11.0014
35.26,39.395,0.41,15.0013
29.52,34.85,0.79,6.0032
28.7,33.335,0.74,7.0015
29.52,34.089999999999996,0.7,6.0032
34.44,39.395,0.49,8.9981
31.16,36.364999999999995,0.66,39.000699999999995
31.16,35.605,0.62,6.0032
29.52,34.089999999999996,0.66,0.0
32.800000000000004,37.88,0.55,0.0
37.72,40.91,0.31,12.998
36.9,40.15,0.33,12.998
31.98,37.12,0.59,12.998
29.52,34.089999999999996,0.7,8.9981
33.62,39.395,0.56,0.0
38.54,43.94,0.38,22.0028
31.16,35.605,0.62,7.0015
30.34,34.85,0.66,6.0032
29.52,34.089999999999996,0.7,7.0015
31.16,35.605,0.58,12.998
34.44,38.635000000000005,0.47,6.0032
33.62,38.635000000000005,0.49,11.0014
27.06,29.545,0.89,8.9981
27.06,29.545,0.89,11.0014
29.52,34.85,0.74,12.998
27.880000000000003,31.819999999999997,0.83,22.0028
25.42,28.79,0.83,22.0028
24.6,27.275,0.88,19.0012
23.78,27.275,0.88,16.997899999999998
24.6,28.03,0.83,15.0013
24.6,27.275,0.88,11.0014
24.6,27.275,0.88,7.0015
24.6,27.275,0.88,7.0015
26.24,29.545,0.78,0.0
28.7,32.574999999999996,0.65,6.0032
30.34,34.85,0.66,11.0014
27.880000000000003,31.819999999999997,0.79,11.0014
27.06,29.545,0.94,8.9981
30.34,35.605,0.74,8.9981
31.98,37.12,0.59,11.0014
32.800000000000004,37.12,0.52,16.997899999999998
28.7,33.335,0.74,8.9981
27.06,30.305,0.83,7.0015
33.62,39.395,0.56,19.9995
33.62,38.635000000000005,0.49,19.9995
30.34,34.85,0.66,11.0014
28.7,32.574999999999996,0.58,12.998
26.24,30.305,0.65,12.998
31.16,33.335,0.33,0.0
32.800000000000004,34.85,0.29,11.0014
29.52,32.574999999999996,0.45,8.9981
27.06,31.06,0.69,16.997899999999998
28.7,33.335,0.74,16.997899999999998
34.44,40.91,0.56,16.997899999999998
36.9,43.18,0.45,27.9993
32.800000000000004,37.12,0.49,40.9973
28.7,33.335,0.74,11.0014
31.16,36.364999999999995,0.66,6.0032
34.44,38.635000000000005,0.47,19.0012
33.62,37.88,0.46,11.0014
31.16,36.364999999999995,0.66,0.0
28.7,33.335,0.79,12.998
31.98,37.12,0.59,7.0015
35.26,38.635000000000005,0.39,16.997899999999998
27.880000000000003,31.819999999999997,0.83,0.0
27.06,29.545,0.89,8.9981
25.42,29.545,0.78,12.998
30.34,34.089999999999996,0.62,0.0
32.800000000000004,36.364999999999995,0.43,8.9981
30.34,34.85,0.66,7.0015
28.7,33.335,0.74,0.0
27.06,30.305,0.83,11.0014
31.98,36.364999999999995,0.55,8.9981
32.800000000000004,37.12,0.49,19.0012
29.52,34.089999999999996,0.7,12.998
27.06,30.305,0.83,8.9981
27.880000000000003,31.819999999999997,0.83,15.0013
32.800000000000004,36.364999999999995,0.46,0.0
31.98,35.605,0.52,15.0013
27.880000000000003,31.819999999999997,0.74,16.997899999999998
26.24,28.79,0.83,7.0015
27.06,30.305,0.78,12.998
32.800000000000004,37.12,0.52,11.0014
31.16,35.605,0.62,15.0013
28.7,33.335,0.74,0.0
27.06,30.305,0.83,0.0
31.16,36.364999999999995,0.66,7.0015
35.26,39.395,0.41,8.9981
32.800000000000004,39.395,0.63,11.0014
29.52,34.089999999999996,0.7,12.998
27.06,30.305,0.83,11.0014
32.800000000000004,37.12,0.52,12.998
36.08,40.91,0.42,16.997899999999998
31.98,37.88,0.66,15.0013
29.52,35.605,0.84,12.998
28.7,33.335,0.84,15.0013
35.26,40.15,0.47,16.997899999999998
36.9,40.91,0.39,19.9995
32.800000000000004,38.635000000000005,0.59,16.997899999999998
30.34,34.85,0.7,19.9995
30.34,35.605,0.74,19.9995
35.26,40.15,0.47,35.0008
33.62,37.88,0.46,16.997899999999998
29.52,34.85,0.79,6.0032
29.52,34.85,0.79,6.0032
28.7,33.335,0.79,0.0
32.800000000000004,37.12,0.49,15.0013
33.62,37.12,0.41,8.9981
29.52,34.85,0.74,12.998
27.880000000000003,31.819999999999997,0.83,8.9981
28.7,33.335,0.74,8.9981
33.62,37.88,0.46,0.0
31.16,36.364999999999995,0.66,7.0015
28.7,33.335,0.84,0.0
27.880000000000003,31.819999999999997,0.89,11.0014
32.800000000000004,37.12,0.52,8.9981
34.44,37.88,0.44,12.998
30.34,34.85,0.66,12.998
28.7,33.335,0.79,8.9981
27.06,30.305,0.83,11.0014
34.44,37.88,0.44,0.0
35.26,38.635000000000005,0.39,16.997899999999998
28.7,32.574999999999996,0.58,11.0014
28.7,33.335,0.74,11.0014
26.24,28.79,0.89,7.0015
30.34,34.85,0.66,23.9994
32.800000000000004,37.12,0.52,19.0012
29.52,34.85,0.74,19.0012
25.42,28.79,0.83,11.0014
27.06,30.305,0.83,7.0015
32.800000000000004,37.12,0.49,23.9994
28.7,33.335,0.74,19.9995
27.06,30.305,0.78,11.0014
26.24,30.305,0.69,6.0032
28.7,32.574999999999996,0.48,15.0013
31.16,34.089999999999996,0.4,12.998
30.34,32.574999999999996,0.4,8.9981
27.06,31.06,0.65,7.0015
26.24,30.305,0.69,7.0015
31.16,34.089999999999996,0.4,0.0
33.62,36.364999999999995,0.34,15.0013
30.34,34.089999999999996,0.62,15.0013
27.880000000000003,31.819999999999997,0.79,16.997899999999998
26.24,28.79,0.83,12.998
30.34,34.089999999999996,0.62,0.0
33.62,37.12,0.43,15.0013
30.34,34.089999999999996,0.62,15.0013
27.880000000000003,31.819999999999997,0.65,0.0
27.06,31.06,0.69,12.998
30.34,34.089999999999996,0.55,15.0013
30.34,34.089999999999996,0.55,19.0012
28.7,32.574999999999996,0.61,11.0014
25.42,29.545,0.73,16.997899999999998
27.880000000000003,31.819999999999997,0.61,12.998
32.800000000000004,34.85,0.31,15.0013
32.800000000000004,35.605,0.36,0.0
28.7,32.574999999999996,0.54,7.0015
26.24,12.12,0.73,11.0014
28.7,12.12,0.58,7.0015
35.26,12.12,0.34,27.9993
30.34,12.12,0.55,26.0027
26.24,28.79,0.83,15.0013
24.6,28.79,0.78,16.997899999999998
28.7,32.574999999999996,0.54,11.0014
31.16,33.335,0.37,15.0013
28.7,31.819999999999997,0.45,7.0015
26.24,30.305,0.65,0.0
25.42,30.305,0.69,7.0015
26.24,29.545,0.78,11.0014
27.06,31.06,0.65,0.0
25.42,29.545,0.78,6.0032
24.6,28.03,0.83,11.0014
25.42,29.545,0.78,8.9981
27.06,31.06,0.61,7.0015
28.7,32.574999999999996,0.58,19.0012
24.6,28.03,0.83,0.0
22.96,26.515,0.88,0.0
24.6,28.79,0.78,8.9981
30.34,32.574999999999996,0.4,0.0
29.52,33.335,0.54,15.0013
25.42,28.79,0.83,0.0
23.78,27.275,0.83,7.0015
27.880000000000003,31.819999999999997,0.65,0.0
31.16,34.089999999999996,0.45,7.0015
27.06,31.06,0.74,0.0
26.24,29.545,0.78,0.0
25.42,28.79,0.83,0.0
30.34,34.089999999999996,0.58,6.0032
31.98,34.85,0.46,8.9981
28.7,32.574999999999996,0.61,7.0015
26.24,30.305,0.73,0.0
25.42,28.79,0.83,0.0
31.16,34.089999999999996,0.48,7.0015
31.16,34.089999999999996,0.48,8.9981
28.7,32.574999999999996,0.61,11.0014
27.06,31.06,0.74,6.0032
26.24,29.545,0.78,12.998
29.52,33.335,0.54,26.0027
27.06,31.06,0.74,22.0028
25.42,28.79,0.83,23.9994
26.24,28.79,0.89,16.997899999999998
27.880000000000003,31.819999999999997,0.79,19.0012
27.06,30.305,0.78,27.9993
26.24,28.79,0.89,6.0032
25.42,28.79,0.83,6.0032
25.42,28.79,0.83,0.0
27.06,30.305,0.83,7.0015
32.800000000000004,37.12,0.49,6.0032
30.34,34.85,0.7,15.0013
28.7,33.335,0.84,16.997899999999998
27.06,30.305,0.83,6.0032
30.34,34.089999999999996,0.62,16.997899999999998
33.62,36.364999999999995,0.34,19.9995
29.52,33.335,0.48,7.0015
26.24,30.305,0.69,8.9981
24.6,29.545,0.73,12.998
29.52,32.574999999999996,0.45,0.0
31.16,33.335,0.37,8.9981
27.06,31.06,0.54,7.0015
25.42,29.545,0.73,0.0
26.24,30.305,0.73,0.0
31.16,34.089999999999996,0.45,8.9981
33.62,36.364999999999995,0.34,15.0013
28.7,32.574999999999996,0.7,0.0
27.06,29.545,0.89,7.0015
28.7,33.335,0.74,0.0
36.08,37.88,0.27,22.0028
35.26,37.88,0.36,16.997899999999998
30.34,34.089999999999996,0.62,7.0015
28.7,32.574999999999996,0.7,0.0
31.16,35.605,0.58,12.998
35.26,39.395,0.44,11.0014
31.98,37.12,0.62,0.0
27.06,29.545,0.89,6.0032
27.06,29.545,0.89,0.0
29.52,34.85,0.79,0.0
30.34,35.605,0.74,8.9981
28.7,33.335,0.84,11.0014
27.880000000000003,31.819999999999997,0.89,11.0014
27.06,29.545,0.94,0.0
30.34,34.85,0.7,19.0012
30.34,34.85,0.7,15.0013
29.52,34.089999999999996,0.76,7.0015
27.880000000000003,31.819999999999997,0.82,8.9981
27.880000000000003,31.819999999999997,0.89,7.0015
31.16,36.364999999999995,0.7,19.0012
31.16,36.364999999999995,0.7,23.9994
30.34,34.85,0.7,19.0012
28.7,33.335,0.79,19.0012
29.52,34.85,0.74,12.998
32.800000000000004,39.395,0.63,11.0014
31.16,37.12,0.75,12.998
28.7,33.335,0.84,6.0032
28.7,33.335,0.84,6.0032
27.06,29.545,0.94,8.9981
30.34,35.605,0.74,6.0032
27.880000000000003,31.819999999999997,0.74,16.997899999999998
26.24,28.79,0.89,8.9981
25.42,28.03,0.88,0.0
29.52,34.85,0.74,8.9981
32.800000000000004,37.88,0.55,16.997899999999998
29.52,34.089999999999996,0.66,15.0013
27.06,29.545,0.89,19.0012
27.06,29.545,0.89,19.0012
31.16,35.605,0.62,30.002599999999997
22.96,26.515,0.88,12.998
24.6,28.03,0.83,11.0014
22.14,25.76,0.77,19.0012
22.14,25.76,0.73,11.0014
27.06,31.06,0.47,0.0
28.7,31.819999999999997,0.37,16.997899999999998
23.78,27.275,0.49,16.997899999999998
21.32,25.0,0.68,19.0012
22.96,26.515,0.6,19.0012
26.24,31.06,0.38,15.0013
25.42,31.06,0.35,19.9995
22.14,25.76,0.52,0.0
19.68,23.485,0.72,7.0015
24.6,31.06,0.49,0.0
27.880000000000003,31.06,0.3,6.0032
25.42,31.06,0.41,12.998
21.32,25.0,0.72,7.0015
20.5,24.24,0.72,6.0032
25.42,30.305,0.61,8.9981
29.52,32.574999999999996,0.37,8.9981
25.42,31.06,0.57,8.9981
22.14,25.76,0.77,6.0032
20.5,24.24,0.82,0.0
27.06,31.06,0.5,11.0014
29.52,32.574999999999996,0.39,6.0032
25.42,30.305,0.65,7.0015
22.96,26.515,0.73,0.0
22.96,26.515,0.88,0.0
28.7,32.574999999999996,0.54,12.998
29.52,33.335,0.51,12.998
25.42,28.79,0.83,12.998
24.6,29.545,0.73,16.997899999999998
22.96,26.515,0.49,27.9993
27.880000000000003,31.819999999999997,0.36,12.998
26.24,31.06,0.36,19.0012
22.14,25.76,0.6,0.0
20.5,24.24,0.72,0.0
23.78,27.275,0.6,8.9981
27.06,31.06,0.39,8.9981
25.42,31.06,0.5,8.9981
22.14,25.76,0.68,11.0014
19.68,23.485,0.82,6.0032
25.42,30.305,0.65,12.998
26.24,30.305,0.65,16.997899999999998
25.42,29.545,0.73,8.9981
24.6,25.76,0.94,12.998
26.24,28.79,0.89,22.0028
27.880000000000003,31.819999999999997,0.79,43.000600000000006
24.6,27.275,0.88,19.9995
24.6,27.275,0.88,12.998
22.14,25.76,0.64,22.0028
21.32,25.0,0.63,15.0013
24.6,31.06,0.43,16.997899999999998
24.6,31.06,0.38,15.0013
20.5,24.24,0.63,6.0032
18.04,21.97,0.77,0.0
20.5,24.24,0.68,6.0032
26.24,31.06,0.44,8.9981
24.6,31.06,0.56,16.997899999999998
22.14,25.76,0.68,7.0015
20.5,24.24,0.77,0.0
23.78,27.275,0.68,8.9981
28.7,32.574999999999996,0.54,19.9995
26.24,30.305,0.65,16.997899999999998
24.6,29.545,0.73,19.0012
22.96,26.515,0.83,22.0028
27.06,31.06,0.65,22.0028
30.34,33.335,0.48,26.0027
28.7,32.574999999999996,0.54,16.997899999999998
22.14,25.76,0.52,23.9994
18.04,21.97,0.62,16.997899999999998
22.96,26.515,0.46,16.997899999999998
24.6,31.06,0.33,22.0028
21.32,25.0,0.48,7.0015
18.86,22.725,0.63,8.9981
18.86,22.725,0.67,8.9981
22.96,26.515,0.35,19.9995
23.78,27.275,0.3,0.0
20.5,24.24,0.51,15.0013
17.22,21.21,0.71,6.0032
19.68,23.485,0.67,12.998
26.24,31.06,0.47,16.997899999999998
26.24,31.06,0.41,15.0013
24.6,31.06,0.56,22.0028
22.96,26.515,0.73,16.997899999999998
24.6,30.305,0.64,12.998
30.34,33.335,0.48,19.0012
28.7,32.574999999999996,0.54,11.0014
24.6,28.79,0.78,6.0032
23.78,27.275,0.83,0.0
28.7,32.574999999999996,0.51,19.0012
31.16,34.089999999999996,0.45,0.0
26.24,30.305,0.69,15.0013
24.6,27.275,0.88,0.0
22.96,26.515,0.94,6.0032
27.06,31.06,0.69,0.0
27.06,31.06,0.5,15.0013
24.6,31.06,0.53,12.998
22.14,25.76,0.56,15.0013
19.68,23.485,0.67,19.0012
25.42,31.06,0.41,19.9995
24.6,31.06,0.38,23.9994
20.5,24.24,0.63,7.0015
18.86,22.725,0.67,6.0032
19.68,23.485,0.67,7.0015
25.42,31.06,0.41,16.997899999999998
21.32,25.0,0.59,30.002599999999997
19.68,23.485,0.72,6.0032
17.22,21.21,0.82,7.0015
21.32,25.0,0.63,0.0
24.6,31.06,0.43,7.0015
22.14,25.76,0.68,7.0015
22.96,26.515,0.73,0.0
22.96,26.515,0.83,8.9981
23.78,27.275,0.88,8.9981
25.42,28.79,0.83,8.9981
25.42,27.275,0.94,8.9981
25.42,27.275,0.94,0.0
24.6,25.76,0.94,8.9981
27.06,30.305,0.78,11.0014
29.52,33.335,0.58,0.0
27.06,31.06,0.74,0.0
26.24,28.79,0.89,0.0
26.24,28.79,0.89,6.0032
29.52,33.335,0.54,12.998
28.7,32.574999999999996,0.51,15.0013
26.24,31.06,0.47,8.9981
22.14,25.76,0.73,0.0
23.78,27.275,0.64,0.0
28.7,32.574999999999996,0.48,0.0
26.24,31.06,0.57,8.9981
23.78,27.275,0.78,15.0013
22.14,25.76,0.83,16.997899999999998
24.6,29.545,0.73,12.998
24.6,31.06,0.56,27.9993
19.68,23.485,0.55,15.0013
18.04,21.97,0.62,11.0014
18.04,21.97,0.54,8.9981
17.22,21.21,0.67,12.998
17.22,21.21,0.77,8.9981
16.400000000000002,20.455,0.82,8.9981
13.94,16.665,0.87,11.0014
13.94,17.424999999999997,0.76,7.0015
16.400000000000002,20.455,0.62,6.0032
17.22,21.21,0.58,12.998
16.400000000000002,20.455,0.76,15.0013
14.76,16.665,0.87,16.997899999999998
15.58,19.695,0.83,16.997899999999998
19.68,23.485,0.69,12.998
21.32,25.0,0.68,11.0014
19.68,23.485,0.77,6.0032
18.86,22.725,0.88,0.0
20.5,24.24,0.77,11.0014
22.96,26.515,0.49,0.0
22.96,26.515,0.49,11.0014
18.04,21.97,0.58,12.998
16.400000000000002,20.455,0.5,16.997899999999998
16.400000000000002,20.455,0.43,26.0027
21.32,25.0,0.32,6.0032
18.04,21.97,0.51,8.9981
16.400000000000002,20.455,0.66,7.0015
14.76,18.18,0.81,6.0032
21.32,25.0,0.36,19.9995
21.32,25.0,0.42,30.002599999999997
17.22,21.21,0.47,8.9981
13.94,16.665,0.53,8.9981
12.3,14.395,0.61,12.998
17.22,21.21,0.35,8.9981
20.5,24.24,0.31,12.998
16.400000000000002,20.455,0.58,12.998
16.400000000000002,20.455,0.76,6.0032
17.22,21.21,0.82,15.0013
25.42,31.06,0.46,22.0028
26.24,31.06,0.44,12.998
22.96,26.515,0.73,26.0027
22.96,26.515,0.73,16.997899999999998
24.6,30.305,0.64,26.0027
22.96,26.515,0.88,15.0013
22.14,25.76,0.77,8.9981
18.86,22.725,0.63,15.0013
17.22,21.21,0.67,11.0014
19.68,23.485,0.55,16.997899999999998
22.14,25.76,0.39,16.997899999999998
19.68,23.485,0.48,0.0
15.58,19.695,0.76,0.0
14.76,18.94,0.81,0.0
18.86,22.725,0.67,0.0
23.78,27.275,0.43,15.0013
20.5,24.24,0.72,8.9981
18.86,22.725,0.82,15.0013
18.04,21.97,0.88,19.9995
22.96,26.515,0.56,15.0013
24.6,31.06,0.56,19.0012
22.14,25.76,0.77,12.998
22.14,25.76,0.88,0.0
22.14,25.76,0.94,0.0
26.24,30.305,0.69,15.0013
25.42,30.305,0.69,23.9994
20.5,24.24,0.77,6.0032
17.22,21.21,0.77,8.9981
18.86,22.725,0.67,8.9981
22.96,26.515,0.43,11.0014
21.32,25.0,0.39,15.0013
17.22,21.21,0.58,0.0
14.76,17.424999999999997,0.71,11.0014
18.86,22.725,0.55,11.0014
22.96,26.515,0.35,12.998
20.5,24.24,0.42,11.0014
16.400000000000002,20.455,0.62,0.0
15.58,19.695,0.76,6.0032
20.5,24.24,0.55,0.0
26.24,31.06,0.29,11.0014
20.5,24.24,0.59,7.0015
18.86,22.725,0.77,11.0014
16.400000000000002,20.455,0.82,6.0032
24.6,31.06,0.53,0.0
27.880000000000003,31.819999999999997,0.44,6.0032
22.96,26.515,0.68,0.0
22.14,25.76,0.68,0.0
20.5,24.24,0.88,6.0032
25.42,30.305,0.61,6.0032
27.06,31.06,0.47,0.0
24.6,30.305,0.64,8.9981
21.32,25.0,0.88,8.9981
21.32,25.0,0.83,11.0014
22.96,26.515,0.78,0.0
22.96,26.515,0.83,7.0015
22.14,25.76,0.83,8.9981
21.32,25.0,0.88,11.0014
22.14,25.76,0.88,8.9981
24.6,30.305,0.64,8.9981
22.14,25.76,0.83,11.0014
20.5,24.24,0.88,8.9981
20.5,24.24,0.82,12.998
22.14,25.76,0.73,19.0012
22.96,26.515,0.6,19.0012
21.32,25.0,0.72,15.0013
20.5,24.24,0.72,19.0012
20.5,24.24,0.59,22.0028
20.5,24.24,0.51,26.0027
19.68,23.485,0.67,31.0009
18.04,21.97,0.88,27.9993
12.3,13.635,0.81,23.9994
20.5,24.24,0.68,12.998
12.3,15.909999999999998,0.81,7.0015
12.3,15.15,0.81,8.9981
14.76,16.665,0.71,19.0012
17.22,21.21,0.54,11.0014
16.400000000000002,20.455,0.5,12.998
12.3,15.909999999999998,0.75,7.0015
13.94,16.665,0.61,11.0014
14.76,17.424999999999997,0.62,12.998
16.400000000000002,20.455,0.54,11.0014
15.58,19.695,0.54,8.9981
13.12,15.909999999999998,0.66,11.0014
12.3,15.15,0.7,8.9981
17.22,21.21,0.41,23.9994
15.58,19.695,0.4,22.0028
14.76,16.665,0.46,16.997899999999998
13.94,15.909999999999998,0.49,16.997899999999998
13.94,15.15,0.46,19.9995
14.76,16.665,0.46,23.9994
14.76,16.665,0.46,19.0012
13.12,16.665,0.57,7.0015
10.66,13.635,0.65,8.9981
13.12,16.665,0.53,0.0
16.400000000000002,20.455,0.4,12.998
14.76,16.665,0.43,16.997899999999998
12.3,14.395,0.56,12.998
12.3,13.635,0.52,22.0028
13.12,15.15,0.49,19.0012
15.58,19.695,0.4,19.0012
13.12,15.15,0.49,16.997899999999998
9.84,12.12,0.6,11.0014
9.02,11.365,0.69,8.9981
13.12,16.665,0.45,8.9981
13.94,16.665,0.46,11.0014
12.3,14.395,0.56,16.997899999999998
11.48,12.88,0.56,19.9995
10.66,11.365,0.56,19.9995
13.12,15.15,0.53,19.0012
13.12,14.395,0.53,26.0027
12.3,14.395,0.56,16.997899999999998
12.3,14.395,0.45,19.0012
13.12,14.395,0.31,23.9994
18.04,21.97,0.18,27.9993
15.58,19.695,0.27,23.9994
13.94,15.15,0.49,22.0028
12.3,14.395,0.56,12.998
14.76,16.665,0.5,22.0028
18.86,22.725,0.36,15.0013
14.76,17.424999999999997,0.66,8.9981
12.3,15.909999999999998,0.81,6.0032
9.84,12.88,0.93,6.0032
16.400000000000002,20.455,0.58,7.0015
22.14,25.76,0.37,0.0
16.400000000000002,20.455,0.66,0.0
13.12,16.665,0.87,7.0015
12.3,15.909999999999998,0.89,6.0032
20.5,24.24,0.48,6.0032
22.14,25.76,0.45,11.0014
17.22,21.21,0.71,12.998
16.400000000000002,20.455,0.76,8.9981
17.22,21.21,0.82,11.0014
24.6,30.305,0.6,15.0013
21.32,25.0,0.72,8.9981
22.14,25.76,0.77,15.0013
14.76,16.665,0.81,26.0027
13.12,15.15,0.81,22.0028
15.58,19.695,0.46,26.0027
13.12,14.395,0.49,23.9994
10.66,12.12,0.56,19.0012
9.02,11.365,0.69,12.998
13.12,14.395,0.45,23.9994
14.76,16.665,0.43,19.0012
12.3,15.909999999999998,0.52,6.0032
10.66,13.635,0.65,7.0015
12.3,14.395,0.65,16.997899999999998
13.94,16.665,0.61,8.9981
14.76,17.424999999999997,0.57,12.998
13.12,16.665,0.66,7.0015
12.3,15.15,0.7,11.0014
12.3,15.15,0.61,11.0014
16.400000000000002,20.455,0.43,19.0012
14.76,17.424999999999997,0.46,12.998
13.12,15.15,0.53,16.997899999999998
10.66,12.88,0.65,12.998
10.66,12.88,0.65,15.0013
17.22,21.21,0.38,16.997899999999998
14.76,18.18,0.5,7.0015
12.3,15.909999999999998,0.7,7.0015
12.3,14.395,0.81,12.998
13.12,15.15,0.7,16.997899999999998
16.400000000000002,20.455,0.62,19.9995
14.76,17.424999999999997,0.66,11.0014
14.76,17.424999999999997,0.66,15.0013
14.76,17.424999999999997,0.66,15.0013
14.76,16.665,0.66,16.997899999999998
18.04,21.97,0.54,12.998
15.58,19.695,0.62,16.997899999999998
13.94,17.424999999999997,0.66,7.0015
13.94,16.665,0.71,11.0014
17.22,21.21,0.67,6.0032
17.22,21.21,0.62,6.0032
14.76,18.94,0.71,0.0
11.48,14.395,0.87,7.0015
10.66,14.395,0.87,6.0032
18.04,21.97,0.41,12.998
16.400000000000002,20.455,0.4,11.0014
13.94,18.18,0.49,0.0
9.84,12.88,0.75,7.0015
9.84,12.12,0.75,8.9981
18.86,22.725,0.31,0.0
16.400000000000002,20.455,0.43,0.0
12.3,16.665,0.7,0.0
9.84,12.88,0.75,7.0015
11.48,14.395,0.75,7.0015
20.5,24.24,0.36,16.997899999999998
18.86,22.725,0.47,11.0014
16.400000000000002,20.455,0.37,27.9993
10.66,11.365,0.41,22.0028
10.66,11.365,0.44,19.9995
12.3,13.635,0.36,31.0009
9.84,10.605,0.44,19.0012
9.02,11.365,0.44,12.998
9.02,12.12,0.47,7.0015
10.66,12.88,0.41,15.0013
12.3,14.395,0.39,15.0013
10.66,15.15,0.48,0.0
8.200000000000001,12.88,0.69,0.0
9.84,14.395,0.65,0.0
17.22,21.21,0.35,7.0015
17.22,21.21,0.32,0.0
13.12,17.424999999999997,0.61,0.0
13.12,16.665,0.7,8.9981
13.12,15.909999999999998,0.81,11.0014
11.48,13.635,0.87,16.997899999999998
10.66,11.365,0.81,23.9994
10.66,12.12,0.81,16.997899999999998
10.66,12.88,0.7,12.998
11.48,13.635,0.52,12.998
14.76,16.665,0.4,19.9995
13.12,15.909999999999998,0.36,11.0014
9.84,12.88,0.56,6.0032
9.02,13.635,0.69,0.0
14.76,17.424999999999997,0.37,15.0013
14.76,17.424999999999997,0.4,15.0013
10.66,13.635,0.65,8.9981
9.84,14.395,0.75,0.0
9.02,13.635,0.8,0.0
15.58,19.695,0.46,0.0
14.76,17.424999999999997,0.5,12.998
12.3,16.665,0.75,0.0
10.66,13.635,0.81,8.9981
9.84,12.12,0.87,8.9981
13.94,18.18,0.76,0.0
13.94,18.18,0.76,0.0
13.12,17.424999999999997,0.81,0.0
10.66,15.15,0.93,0.0
11.48,13.635,0.93,11.0014
18.04,21.97,0.62,16.997899999999998
16.400000000000002,20.455,0.82,12.998
17.22,21.21,0.82,11.0014
13.94,17.424999999999997,0.93,6.0032
18.04,21.97,0.77,8.9981
24.6,31.06,0.56,0.0
18.86,22.725,0.77,0.0
17.22,21.21,0.82,7.0015
14.76,18.94,0.93,0.0
19.68,23.485,0.77,12.998
23.78,27.275,0.49,19.0012
20.5,24.24,0.63,16.997899999999998
18.86,22.725,0.67,11.0014
18.86,22.725,0.59,19.9995
18.04,21.97,0.41,19.0012
18.04,21.97,0.35,19.0012
13.12,14.395,0.45,26.0027
9.02,11.365,0.55,12.998
9.02,10.605,0.51,19.9995
12.3,16.665,0.39,0.0
11.48,13.635,0.45,11.0014
9.84,12.12,0.65,11.0014
10.66,13.635,0.75,7.0015
12.3,15.15,0.81,8.9981
14.76,17.424999999999997,0.71,11.0014
15.58,19.695,0.76,0.0
14.76,18.18,0.93,6.0032
14.76,18.18,0.93,7.0015
16.400000000000002,20.455,0.87,8.9981
17.22,21.21,0.82,11.0014
14.76,18.94,1.0,0.0
16.400000000000002,20.455,0.87,7.0015
16.400000000000002,20.455,0.94,7.0015
16.400000000000002,20.455,0.87,19.9995
14.76,17.424999999999997,0.93,11.0014
14.76,18.18,1.0,7.0015
15.58,19.695,0.94,7.0015
15.58,19.695,0.94,16.997899999999998
18.04,21.97,1.0,15.0013
19.68,23.485,0.82,19.0012
20.5,24.24,0.82,15.0013
14.76,16.665,0.76,19.0012
13.94,15.15,0.61,19.9995
15.58,19.695,0.5,15.0013
13.12,15.15,0.53,15.0013
12.3,14.395,0.52,15.0013
10.66,15.15,0.6,0.0
11.48,14.395,0.61,8.9981
13.94,18.18,0.46,0.0
12.3,14.395,0.56,15.0013
11.48,13.635,0.52,15.0013
10.66,12.88,0.56,11.0014
13.12,15.15,0.45,19.0012
14.76,17.424999999999997,0.34,8.9981
12.3,16.665,0.45,0.0
9.02,12.88,0.69,6.0032
6.5600000000000005,9.09,0.8,7.0015
13.12,15.15,0.65,12.998
15.58,19.695,0.54,12.998
12.3,15.15,0.75,11.0014
10.66,15.15,0.81,0.0
9.84,12.88,0.75,6.0032
15.58,19.695,0.5,6.0032
16.400000000000002,20.455,0.5,15.0013
14.76,17.424999999999997,0.62,12.998
13.94,16.665,0.87,12.998
14.76,17.424999999999997,0.87,8.9981
15.58,19.695,0.76,12.998
15.58,19.695,0.82,7.0015
14.76,17.424999999999997,0.93,8.9981
14.76,18.94,1.0,0.0
16.400000000000002,20.455,0.87,0.0
16.400000000000002,20.455,0.87,6.0032
17.22,21.21,0.88,8.9981
18.04,21.97,0.94,8.9981
15.58,19.695,0.87,6.0032
18.04,21.97,0.77,6.0032
18.86,22.725,0.44,32.9975
14.76,16.665,0.5,16.997899999999998
12.3,15.909999999999998,0.65,6.0032
9.84,12.88,0.75,6.0032
16.400000000000002,20.455,0.54,15.0013
17.22,21.21,0.5,23.9994
13.94,15.909999999999998,0.61,15.0013
13.12,17.424999999999997,0.66,0.0
12.3,16.665,0.7,0.0
14.76,17.424999999999997,0.53,11.0014
13.94,16.665,0.66,12.998
13.94,16.665,0.87,12.998
18.86,22.725,0.94,26.0027
13.12,15.15,0.57,19.0012
13.12,14.395,0.39,27.9993
10.66,11.365,0.56,19.9995
10.66,12.12,0.44,19.0012
10.66,12.88,0.48,12.998
10.66,11.365,0.48,26.0027
13.12,14.395,0.36,31.0009
9.84,10.605,0.48,23.9994
9.02,10.605,0.47,19.0012
8.200000000000001,12.88,0.51,0.0
9.02,11.365,0.64,12.998
13.94,16.665,0.34,8.9981
10.66,15.15,0.65,0.0
9.02,13.635,0.69,0.0
8.200000000000001,12.88,0.69,0.0
11.48,15.15,0.56,6.0032
9.84,12.12,0.93,11.0014
9.84,14.395,0.93,0.0
9.84,12.88,0.87,6.0032
9.84,12.88,0.87,0.0
15.58,19.695,0.46,19.9995
13.12,15.15,0.66,15.0013
11.48,13.635,0.65,16.997899999999998
9.02,10.605,0.69,19.0012
8.200000000000001,9.09,0.86,19.9995
10.66,11.365,0.87,23.9994
13.12,15.15,0.93,16.997899999999998
9.84,9.85,0.93,30.002599999999997
9.84,9.85,0.7,32.9975
11.48,12.12,0.56,30.002599999999997
10.66,12.12,0.52,19.0012
9.84,11.365,0.6,16.997899999999998
9.84,11.365,0.6,16.997899999999998
9.02,11.365,0.64,11.0014
12.3,15.15,0.49,8.9981
9.84,12.12,0.6,8.9981
9.84,12.88,0.7,6.0032
9.84,12.12,0.75,0.0
10.66,12.12,0.81,0.0
8.200000000000001,12.12,1.0,0.0
12.3,12.12,0.7,12.998
10.66,12.12,0.6,0.0
10.66,12.88,0.56,15.0013
9.84,10.605,0.52,26.0027
12.3,13.635,0.36,31.0009
13.94,18.18,0.61,0.0
7.38,9.09,0.55,12.998
6.5600000000000005,7.575,0.64,12.998
8.200000000000001,10.605,0.69,8.9981
11.48,14.395,0.45,8.9981
10.66,12.88,0.6,11.0014
